INSERT INTO department (name)
VALUES
("Customer Service"),
("CEO"),
("CFO"),
("COO"),
("CTO"),
("HR"),
("IT"),
("Marketing"),
("Sales"),
("District Manager"),
("Retail Manager"),
("Retail Assistant Manager"),
("Sales Associate"),
("Sales Manager"),
("Sales Representative"),
("R&D"),
("Engineering"),
("Accounting");

INSERT INTO entitlement (profession, salary, department_id)
VALUES
("CEO", 200000, 0),
("CFO", 150000, 1),
("COO", 100500, 2),
("CTO", 100000, 3),
("HR", 60000, 4),
("IT", 1200000, 5),
("Marketing", 60000, 6),
("Sales", 60000, 7),
("Customer Service", 750000, 8),
("District Manager", 50000, 9),
("Retail Manager", 40000, 10),
("Retail Assistant Manager", 35000, 11),
("Sales Associate", 30000, 12),
("Sales Manager", 35000, 13),
("Sales Representative", 30000, 14),
("R&D Employee", 80000, 15),
("Engineer", 100000, 16),
("Accountant", 120000, 17),
("recruiter", 20500, 18);

INSERT INTO employee (first_name, last_name, profession_id, manager_id)
VALUES
("Nik", "Sharpio", 1, 0),
("Jane", "Don", 2, 1),
("Jack", "Swith", 3, 2),
("Stone", "Cold", 4, 2),
("Steve", "Austin", 5, 1),
("George", "Washingtion", 6, 1),
("Benjerman", "Franklin", 7, 1),
("Charles", "LeRoi", 8, 1),
("Katherine", "Mansfield", 9, 1),
("Dora", "Carrington", 10, 0),
("Edward", "Bellamy", 11, 0),
("Montague", "Summers", 12, 1),
("Octavia", "Butler", 13, 1),
("Unica", "Zurn", 14, 1),
("John", "Smith", 15, 1),
("Jill", "Green", 16, 1),
("Jack", "Brown", 17, 2),
("Steve", "Quinn", 18, 2),
("Johnny", "Smith", 19, 1),
("Jill", "Gree", 13, 1),
("Jack", "Brawn", 9, 2),
("Steve", "Quin", 8, 2),
("Unica", "Zurn", 14, 1),
("John", "Smith", 15, 1),
("Jil", "Greene", 16, 1),
("Jack", "Bown", 17, 2),
("Ste", "Qui", 18, 2),
("Johny", "Smih", 19, 1),
("Jil", "Ge", 13, 1),
("Jack", "Brawn", 9, 2),
("Seve", "Qun", 8, 2),
("Jil", "Gre", 4, 1),
("Jak", "Braw", 5, 2),
("Stev", "Uin", 10, 1);
